START YEAR,START QUARTER,COMPLETION YEAR,COMPLETION QUARTER,V-1,V-2,V-3,V-4,V-5,V-6,V-7,V-8,V-11,V-12,V-13,V-14,V-15,V-16,V-17,V-18,V-19,V-20,V-21,V-22,V-23,V-24,V-25,V-26,V-27,V-28,V-29,V-11,V-12,V-13,V-14,V-15,V-16,V-17,V-18,V-19,V-20,V-21,V-22,V-23,V-24,V-25,V-26,V-27,V-28,V-29,V-11,V-12,V-13,V-14,V-15,V-16,V-17,V-18,V-19,V-20,V-21,V-22,V-23,V-24,V-25,V-26,V-27,V-28,V-29,V-11,V-12,V-13,V-14,V-15,V-16,V-17,V-18,V-19,V-20,V-21,V-22,V-23,V-24,V-25,V-26,V-27,V-28,V-29,V-11,V-12,V-13,V-14,V-15,V-16,V-17,V-18,V-19,V-20,V-21,V-22,V-23,V-24,V-25,V-26,V-27,V-28,V-29,V-9,V-10
81.00,1.00,85.00,1.00,1.00,3150.00,920.00,598.50,190.00,1010.84,16.00,1200.00,6713,56.2,61.52,6.11,320957.3,3485.8,64.5,239.5,12456.6,15,797.3,809.8,1755,8003,67.81,63.25,3758.77,42587,628132.9,4986,55.5,60.78,3.94,297210.1,3663.5,61.5,179.63,9342.45,15,757.8,861.8,1755,8018,65,60.53,3538.71,31940.25,610502.7,6788,54.2,59.4,5.41,280451.7,3755.8,58.1,119.75,6228.3,15,795,818.5,1755,8001,63.69,58.55,3347.72,21293.5,589389.6,5728,52.4,57.65,5.4,262789,2931.4,54.2,59.88,3114.15,15,746.8,815.5,1755,8013,62.78,56.45,3387.72,10646.75,606524.2,7196,51.3,56.13,5.97,249110.7,2562.3,52.8,217,10445.6,15,733.8,815.5,1755,8002,60.74,54.26,2978.26,41407,601988.1,2200.00,410.00
84.00,1.00,89.00,4.00,1.00,7600.00,1140.00,3040.00,400.00,963.81,23.00,2900.00,3152,106,103.03,3.15,685697.5,3526.1,105.5,208.8,17584.3,15,1408.4,1473.5,8842.18,8864,105.52,105.32,12113.01,45966,1188995.8,2700,103,101.84,2.65,625829.2,4386.9,100.4,156.6,13188.23,15,1424.1,1584.3,8776.71,8799,101,101.89,13571.8,34474.5,1067772,3561,98.2,98.64,2.76,602224.7,3819,97.2,104.4,8792.15,15,1298.8,1389.6,8699.73,8735,98.12,98.45,13596.37,22983,973523.7,3157,92.8,96.49,3.05,552124.4,3896.7,96.9,52.2,4396.08,15,1294.2,1288,8555.54,8585,95.35,94.34,12063.5,11491.5,954628.6,3678,86.2,83.21,3.25,526596.4,2790.6,94.1,334.8,14488.6,15,1143.8,1316.3,8364.78,8393,90.95,89.79,11379.37,44835,929027.1,5000.00,1000.00
78.00,1.00,81.00,4.00,1.00,4800.00,840.00,480.00,100.00,689.84,15.00,630.00,1627,41,41.25,1.74,160401.5,1217.5,34.4,285.8,6489.1,15,614,608.2,1755,7773,45.91,38.34,1537.96,39066,524764.8,1580,40.3,40.84,1.15,150266.8,1149.5,34.1,214.35,4866.83,15,573.7265313,680.29,1755,6714,43.4,36.45,1535.16,29299.5,466212.2,2628,39.3,40.21,1.52,143737.7,1284.5,33.5,142.9,3244.55,15,554.0819663,663.97,1755,5827,41.79,34.76,1527.55,19533,409677.9,2374,38,39.43,0.92,134548.4,1191.1,33.7,71.45,1622.28,15,574.6,680.5,1755,5565,41.03,33.37,1601.79,9766.5,403875,2693,36.2,37.64,1.55,134312.5,1529,31.43,175.7,3994.7,15,589.5,765.8,1755,4930,38.7,32.04,1653.06,37933,377828.6,1200.00,170.00
72.00,2.00,73.00,2.00,1.00,685.00,202.00,13.70,20.00,459.54,4.00,140.00,2580.93,12.1,10.03,1.24,38193.64,287.2,13.6,17.03,154.4,12,183.6,211.1,1612.95,1649,11.62,10.06,392.96,8435.75,141542.6,2952,11.6,8.5,1.99,35859.4,322.5,12.67,56.6,610.4,12,165.1,208.6,1504.36,1582,10.86,9.79,435.1,32776,129102.4,2649,11.4,6.97,2.25,32793.7,388.9,11.73,42.45,457.8,12,167.9,209.6,1450.47,1507,10.17,9.35,508.64,24582,123618,2312,10.6,5.44,2.58,30012.46,345.3,10.79,28.3,305.2,12,180.3715071,158.45,1439,1450,9.91,8.85,590.64,16388,121857.2,1381,10,3.91,3,27231.21,316.5,9.85,14.15,152.6,12,197.6795574,152.25,1442.31,1456,9.73,8.34,686.16,8194,122031.7,165.00,30.00
87.00,1.00,90.00,2.00,1.00,3000.00,800.00,1230.00,410.00,631.91,13.00,5000.00,6790,203.8,162.84,6.46,1640293,10855.3,229.3,393.3,69444.8,11,2738.8,3148,9248.4,9380,158.63,169.5,10082,49572,2318397,6370,190.3,154.36,5.33,1523166.6,12930,210.7,294.98,52083.6,11,2595.2,3000,9329.64,9396,148.76,159,9700,37179,1908975.7,5909,177.6,147.44,6.88,1451175.9,8146.1,188.9,196.65,34722.4,11,2284.4,2627.5,9297.06,9347,140.9,146.2,10149,24786,1681849.3,7045,160,141.34,4.72,1341072.8,8245,173.8,98.33,17361.2,11,2451.2,2526.4,9254.28,9306,136.56,138.8,9291,12393,1732937.5,5606,149.1,134.8,4.09,1284199.4,6622.5,147.6,432.4,73143.5,14,2220.6,2244.1,9231.76,9286,136.6,140.2,9821,48260,1734973.5,5500.00,700.00
87.00,1.00,90.00,1.00,1.00,2500.00,640.00,1050.00,420.00,647.32,12.00,4800.00,6790,203.8,162.84,6.46,1640293,10855.3,229.3,393.3,69444.8,11,2738.8,3148,9248.4,9380,158.63,169.5,10082,49572,2318397,6370,190.3,154.36,5.33,1523166.6,12930,210.7,294.98,52083.6,11,2595.2,3000,9329.64,9396,148.76,159,9700,37179,1908975.7,5909,177.6,147.44,6.88,1451175.9,8146.1,188.9,196.65,34722.4,11,2284.4,2627.5,9297.06,9347,140.9,146.2,10149,24786,1681849.3,7045,160,141.34,4.72,1341072.8,8245,173.8,98.33,17361.2,11,2451.2,2526.4,9254.28,9306,136.56,138.8,9291,12393,1732937.5,5606,149.1,134.8,4.09,1284199.4,6622.5,147.6,432.4,73143.5,14,2220.6,2244.1,9231.76,9286,136.6,140.2,9821,48260,1734973.5,5200.00,700.00
87.00,2.00,90.00,1.00,1.00,1810.00,492.00,1158.40,640.00,843.98,11.00,5700.00,6458,224.7,198.55,6.73,1622664,15001.6,306.7,83.53,16471.38,11,2871.3,3662.6,9132.66,9260,171.13,178.3,11568,12732,2435004.3,6790,203.8,162.84,6.46,1640293,10855.3,229.3,393.3,69444.8,11,2738.8,3148,9248.4,9380,158.63,169.5,10082,49572,2318397,6370,190.3,154.36,5.33,1523166.6,12930,210.7,294.98,52083.6,11,2595.2,3000,9329.64,9396,148.76,159,9700,37179,1908975.7,5909,177.6,147.44,6.88,1451175.9,8146.1,188.9,196.65,34722.4,11,2284.4,2627.5,9297.06,9347,140.9,146.2,10149,24786,1681849.3,7045,160,141.34,4.72,1341072.8,8245,173.8,98.33,17361.2,11,2451.2,2526.4,9254.28,9306,136.56,138.8,9291,12393,1732937.5,5800.00,900.00
88.00,1.00,89.00,3.00,1.00,1150.00,380.00,575.00,500.00,590.68,6.00,5300.00,3131,259.5,204.02,3.44,1901366,16139,276.1,334.1,65885.5,11,3499.4,3823.6,9784.77,9867.6,191.63,212.1,7966.5,50928,2217708.7,3098,255.8,216.48,3.8,1704943.8,18468.3,292.4,250.58,49414.13,11,3447.8,3676.1,9967.33,10099.3,190.5,204.8,8857,38196,2310101.4,4242,245.1,225,6.54,1670609.2,18690.9,300.5,167.05,32942.75,11,3355.8,3686.3,9403.58,9489.1,179.96,189.5,11763,25464,2303248.1,6458,224.7,198.55,6.73,1622664,15001.6,306.7,83.53,16471.38,11,2871.3,3662.6,9132.66,9260,171.13,178.3,11568,12732,2435004.3,6790,203.8,162.84,6.46,1640293,10855.3,229.3,393.3,69444.8,11,2738.8,3148,9248.4,9380,158.63,169.5,10082,49572,2318397,4600.00,600.00
76.00,3.00,77.00,4.00,1.00,2110.00,540.00,189.90,90.00,732.14,5.00,690.00,4638,34.6,37.16,2.28,120470.6,1861.2,29.55,87.85,1997.35,15,481.1,667.8,1755,4730,35.67,28.87,1645.98,18966.5,390388.5,3840,33.4,36.56,2.32,115107.4,2211.5,28.61,43.93,998.68,15,229.2,582.9,1755,4758,34.98,27.13,1859.5,9483.25,408321.5,3321,31.4,33,2.69,116552.6,1430.8,27.68,147.9,2882.8,15,763.2,582.8,1755,4695,32.83,25.62,1936.75,36818,415431.1,2898,30.9,31.47,2.68,98042.9,1571.1,26.74,110.93,2162.1,15,412,768,1755,4630,31.3,23.87,1991.43,27613.5,413834.5,3302,29.5,29.93,3.56,92354.2,1668.9,25.8,73.95,1441.4,15,431.1,550.4,1755,4252,30.13,21.54,2134.49,18409,402158.1,870.00,110.00
80.00,1.00,80.00,4.00,1.00,3030.00,930.00,515.10,170.00,1007.38,3.00,1500.00,7196,51.3,56.13,5.97,249110.7,2562.3,52.8,217,10445.6,15,733.8,815.5,1755,8002,60.74,54.26,2978.26,41407,601988.1,5275,50.9,57.62,4.3,225500.9,2684.3,50.3,162.75,7834.2,15,742.7,812.7,1755,8102,58.66,51.86,2850.2,31055.25,588020.5,4691,49.1,59.29,3.53,212073.3,2103.5,47.5,108.5,5222.8,15,769.6,717.9,1755,8231,56.99,48.4,2556.96,20703.5,605688.7,4072,47.8,57.88,3.39,198459.6,2034.8,45,54.25,2611.4,15,645.9,744.5,1755,8418,56.37,46.45,2424.37,10351.75,626960.3,3670,46.3,52.26,3.25,192689.2,1979,40.1,258.2,9452.7,15,629.9,764.5,1755,8420,54.62,44.79,2206.19,40234,629797.2,1700.00,190.00
78.00,3.00,80.00,1.00,1.00,750.00,200.00,90.00,120.00,846.15,6.00,1100.00,3213,44.5,49.8,2.48,176542.9,1563.4,35,129.1,4726.35,15,611.8,670.1,1755,9048,50.28,41.8,1766.35,20117,566492.3,2272,43.4,46.94,1.72,166267.2,1179.5,34.7,64.55,2363.18,15,641.5,652.2,1755,8315,49.92,40.26,1718.9,10058.5,540680.6,1627,41,41.25,1.74,160401.5,1217.5,34.4,285.8,6489.1,15,614,608.2,1755,7773,45.91,38.34,1537.96,39066,524764.8,1580,40.3,40.84,1.15,150266.8,1149.5,34.1,214.35,4866.83,15,573.7265313,680.29,1755,6714,43.4,36.45,1535.16,29299.5,466212.2,2628,39.3,40.21,1.52,143737.7,1284.5,33.5,142.9,3244.55,15,554.0819663,663.97,1755,5827,41.79,34.76,1527.55,19533,409677.9,1500.00,150.00
80.00,3.00,82.00,2.00,1.00,4080.00,790.00,530.40,130.00,759.17,7.00,1800.00,6788,54.2,59.4,5.41,280451.7,3755.8,58.1,119.75,6228.3,15,795,818.5,1755,8001,63.69,58.55,3347.72,21293.5,589389.6,5728,52.4,57.65,5.4,262789,2931.4,54.2,59.88,3114.15,15,746.8,815.5,1755,8013,62.78,56.45,3387.72,10646.75,606524.2,7196,51.3,56.13,5.97,249110.7,2562.3,52.8,217,10445.6,15,733.8,815.5,1755,8002,60.74,54.26,2978.26,41407,601988.1,5275,50.9,57.62,4.3,225500.9,2684.3,50.3,162.75,7834.2,15,742.7,812.7,1755,8102,58.66,51.86,2850.2,31055.25,588020.5,4691,49.1,59.29,3.53,212073.3,2103.5,47.5,108.5,5222.8,15,769.6,717.9,1755,8231,56.99,48.4,2556.96,20703.5,605688.7,2500.00,190.00
75.00,1.00,75.00,4.00,1.00,5030.00,1540.00,251.50,50.00,667.88,3.00,600.00,2309,24.3,26.87,3.51,85072.2,867.4,23.92,134.3,1872.6,15,225.7,409.3,1750,4063,27.84,18.37,1549.44,35763,420700.5,2028,23.1,25.34,2.3,73530.1,754.3,22.99,100.73,1404.45,15,277.8,437,1750,3875,25.69,17.34,1232.42,26822.25,405541.8,2422,21.4,23.81,2.51,70232.2,724.1,22.05,67.15,936.3,15,284.1,346.1,1750,3739,24.05,16.21,1013.4,17881.5,428725,1785,19.9,22.28,2.06,64539.9,544.5,21.11,33.58,468.15,15,226.9,347.5,1750,4527,23.28,15.27,897.88,8940.75,519679.8,1892,17.4,20.75,2.46,61843.9,504.5,20.17,107.3,989.3,15,210.1,345.3,1750,2818,19.49,14.2,694.38,34738,410490.1,780.00,130.00
85.00,1.00,86.00,3.00,1.00,4040.00,890.00,1212.00,300.00,752.65,6.00,3800.00,3052,124.4,108.42,2.75,921019.4,4602.1,110.3,299.4,43446.8,15,1821.6,1963.7,9114.22,9131,116.56,119.13,9459.4,47096,1391757.1,2918,120.2,107.2,2.29,832123.7,5136.1,109.6,224.55,32585.1,15,1757.7,1817.6,9063.61,9078,112.15,115.7,10304.2,35322,1181856.2,2264,116.3,104.71,2.47,784948.5,4858.1,109.1,149.7,21723.4,15,1534.6,1795.3,9000.91,9022,109.02,112,10411.45,23548,1167697.4,2859,111.4,104.33,2.5,704586.3,6622.6,107.5,74.85,10861.7,15,1836.6,1932.5,8920.04,8938,110.51,108.51,12423.86,11774,1181572.6,3152,106,103.03,3.15,685697.5,3526.1,105.5,208.8,17584.3,15,1408.4,1473.5,8842.18,8864,105.52,105.32,12113.01,45966,1188995.8,5000.00,450.00
86.00,4.00,88.00,1.00,1.00,4880.00,1070.00,1854.40,380.00,614.00,5.00,4100.00,6370,190.3,154.36,5.33,1523166.6,12930,210.7,294.98,52083.6,11,2595.2,3000,9329.64,9396,148.76,159,9700,37179,1908975.7,5909,177.6,147.44,6.88,1451175.9,8146.1,188.9,196.65,34722.4,11,2284.4,2627.5,9297.06,9347,140.9,146.2,10149,24786,1681849.3,7045,160,141.34,4.72,1341072.8,8245,173.8,98.33,17361.2,11,2451.2,2526.4,9254.28,9306,136.56,138.8,9291,12393,1732937.5,5606,149.1,134.8,4.09,1284199.4,6622.5,147.6,432.4,73143.5,14,2220.6,2244.1,9231.76,9286,136.6,140.2,9821,48260,1734973.5,4079,143.4,131.56,3.44,1137397.7,8758.2,132.6,324.3,54857.63,14,2014.5,2143.3,9216.19,9244,129.24,134.46,10078.4,36195,1654038.4,5200.00,520.00
84.00,2.00,85.00,2.00,1.00,1860.00,480.00,539.40,290.00,836.28,4.00,3300.00,2859,111.4,104.33,2.5,704586.3,6622.6,107.5,74.85,10861.7,15,1836.6,1932.5,8920.04,8938,110.51,108.51,12423.86,11774,1181572.6,3152,106,103.03,3.15,685697.5,3526.1,105.5,208.8,17584.3,15,1408.4,1473.5,8842.18,8864,105.52,105.32,12113.01,45966,1188995.8,2700,103,101.84,2.65,625829.2,4386.9,100.4,156.6,13188.23,15,1424.1,1584.3,8776.71,8799,101,101.89,13571.8,34474.5,1067772,3561,98.2,98.64,2.76,602224.7,3819,97.2,104.4,8792.15,15,1298.8,1389.6,8699.73,8735,98.12,98.45,13596.37,22983,973523.7,3157,92.8,96.49,3.05,552124.4,3896.7,96.9,52.2,4396.08,15,1294.2,1288,8555.54,8585,95.35,94.34,12063.5,11491.5,954628.6,3800.00,380.00
86.00,3.00,87.00,4.00,1.00,1460.00,380.00,627.80,430.00,733.24,5.00,4700.00,5909,177.6,147.44,6.88,1451175.9,8146.1,188.9,196.65,34722.4,11,2284.4,2627.5,9297.06,9347,140.9,146.2,10149,24786,1681849.3,7045,160,141.34,4.72,1341072.8,8245,173.8,98.33,17361.2,11,2451.2,2526.4,9254.28,9306,136.56,138.8,9291,12393,1732937.5,5606,149.1,134.8,4.09,1284199.4,6622.5,147.6,432.4,73143.5,14,2220.6,2244.1,9231.76,9286,136.6,140.2,9821,48260,1734973.5,4079,143.4,131.56,3.44,1137397.7,8758.2,132.6,324.3,54857.63,14,2014.5,2143.3,9216.19,9244,129.24,134.46,10078.4,36195,1654038.4,3629,137.4,125.83,3.45,1059966.2,6232.8,117.4,216.2,36571.75,14,1994.6,2025,9185.48,9208,123.37,127.33,9501.3,24130,1660444,6300.00,590.00
85.00,3.00,86.00,4.00,1.00,15670.00,3440.00,7208.20,460.00,1010.50,5.00,3000.00,3629,137.4,125.83,3.45,1059966.2,6232.8,117.4,216.2,36571.75,14,1994.6,2025,9185.48,9208,123.37,127.33,9501.3,24130,1660444,3882,130.5,117.05,2.45,961139.2,4586.1,112.8,108.1,18285.88,14,1763.9,1837.4,9153.66,9168,120.24,121.94,9576.9,12065,1673301.4,3052,124.4,108.42,2.75,921019.4,4602.1,110.3,299.4,43446.8,15,1821.6,1963.7,9114.22,9131,116.56,119.13,9459.4,47096,1391757.1,2918,120.2,107.2,2.29,832123.7,5136.1,109.6,224.55,32585.1,15,1757.7,1817.6,9063.61,9078,112.15,115.7,10304.2,35322,1181856.2,2264,116.3,104.71,2.47,784948.5,4858.1,109.1,149.7,21723.4,15,1534.6,1795.3,9000.91,9022,109.02,112,10411.45,23548,1167697.4,3800.00,630.00
87.00,1.00,88.00,2.00,1.00,2620.00,670.00,1231.40,470.00,724.38,5.00,3900.00,6790,203.8,162.84,6.46,1640293,10855.3,229.3,393.3,69444.8,11,2738.8,3148,9248.4,9380,158.63,169.5,10082,49572,2318397,6370,190.3,154.36,5.33,1523166.6,12930,210.7,294.98,52083.6,11,2595.2,3000,9329.64,9396,148.76,159,9700,37179,1908975.7,5909,177.6,147.44,6.88,1451175.9,8146.1,188.9,196.65,34722.4,11,2284.4,2627.5,9297.06,9347,140.9,146.2,10149,24786,1681849.3,7045,160,141.34,4.72,1341072.8,8245,173.8,98.33,17361.2,11,2451.2,2526.4,9254.28,9306,136.56,138.8,9291,12393,1732937.5,5606,149.1,134.8,4.09,1284199.4,6622.5,147.6,432.4,73143.5,14,2220.6,2244.1,9231.76,9286,136.6,140.2,9821,48260,1734973.5,4800.00,650.00
85.00,1.00,86.00,2.00,1.00,5020.00,1110.00,1706.80,340.00,853.01,5.00,3300.00,3052,124.4,108.42,2.75,921019.4,4602.1,110.3,299.4,43446.8,15,1821.6,1963.7,9114.22,9131,116.56,119.13,9459.4,47096,1391757.1,2918,120.2,107.2,2.29,832123.7,5136.1,109.6,224.55,32585.1,15,1757.7,1817.6,9063.61,9078,112.15,115.7,10304.2,35322,1181856.2,2264,116.3,104.71,2.47,784948.5,4858.1,109.1,149.7,21723.4,15,1534.6,1795.3,9000.91,9022,109.02,112,10411.45,23548,1167697.4,2859,111.4,104.33,2.5,704586.3,6622.6,107.5,74.85,10861.7,15,1836.6,1932.5,8920.04,8938,110.51,108.51,12423.86,11774,1181572.6,3152,106,103.03,3.15,685697.5,3526.1,105.5,208.8,17584.3,15,1408.4,1473.5,8842.18,8864,105.52,105.32,12113.01,45966,1188995.8,4000.00,450.00
84.00,1.00,85.00,3.00,1.00,1830.00,410.00,494.10,270.00,650.57,6.00,3700.00,3152,106,103.03,3.15,685697.5,3526.1,105.5,208.8,17584.3,15,1408.4,1473.5,8842.18,8864,105.52,105.32,12113.01,45966,1188995.8,2700,103,101.84,2.65,625829.2,4386.9,100.4,156.6,13188.23,15,1424.1,1584.3,8776.71,8799,101,101.89,13571.8,34474.5,1067772,3561,98.2,98.64,2.76,602224.7,3819,97.2,104.4,8792.15,15,1298.8,1389.6,8699.73,8735,98.12,98.45,13596.37,22983,973523.7,3157,92.8,96.49,3.05,552124.4,3896.7,96.9,52.2,4396.08,15,1294.2,1288,8555.54,8585,95.35,94.34,12063.5,11491.5,954628.6,3678,86.2,83.21,3.25,526596.4,2790.6,94.1,334.8,14488.6,15,1143.8,1316.3,8364.78,8393,90.95,89.79,11379.37,44835,929027.1,4600.00,300.00
83.00,2.00,85.00,1.00,1.00,3560.00,690.00,925.60,260.00,885.89,7.00,2500.00,3157,92.8,96.49,3.05,552124.4,3896.7,96.9,52.2,4396.08,15,1294.2,1288,8555.54,8585,95.35,94.34,12063.5,11491.5,954628.6,3678,86.2,83.21,3.25,526596.4,2790.6,94.1,334.8,14488.6,15,1143.8,1316.3,8364.78,8393,90.95,89.79,11379.37,44835,929027.1,2734,81.9,81.05,2.44,486347.8,3157.3,90.4,251.1,10866.45,15,1082.5,1176.5,8343.6,8382,87.27,85.56,10555.47,33626.25,865878.9,2247,76.9,79.93,2.04,463829,4107.4,88.2,167.4,7244.3,15,1032.5,1203.3,8271.46,8325,85.37,82.89,8993,22417.5,833494.6,2217,72.9,78.63,1.81,427087.7,4521.3,85.9,83.7,3622.15,15,1014.9,1104.7,8148.33,8186,83.55,80.05,6703.06,11208.75,817526.9,3100.00,360.00
86.00,4.00,88.00,2.00,1.00,1590.00,350.00,667.80,420.00,678.64,6.00,4900.00,6370,190.3,154.36,5.33,1523166.6,12930,210.7,294.98,52083.6,11,2595.2,3000,9329.64,9396,148.76,159,9700,37179,1908975.7,5909,177.6,147.44,6.88,1451175.9,8146.1,188.9,196.65,34722.4,11,2284.4,2627.5,9297.06,9347,140.9,146.2,10149,24786,1681849.3,7045,160,141.34,4.72,1341072.8,8245,173.8,98.33,17361.2,11,2451.2,2526.4,9254.28,9306,136.56,138.8,9291,12393,1732937.5,5606,149.1,134.8,4.09,1284199.4,6622.5,147.6,432.4,73143.5,14,2220.6,2244.1,9231.76,9286,136.6,140.2,9821,48260,1734973.5,4079,143.4,131.56,3.44,1137397.7,8758.2,132.6,324.3,54857.63,14,2014.5,2143.3,9216.19,9244,129.24,134.46,10078.4,36195,1654038.4,6300.00,620.00
84.00,2.00,85.00,4.00,1.00,3700.00,820.00,962.00,260.00,749.77,6.00,2600.00,2859,111.4,104.33,2.5,704586.3,6622.6,107.5,74.85,10861.7,15,1836.6,1932.5,8920.04,8938,110.51,108.51,12423.86,11774,1181572.6,3152,106,103.03,3.15,685697.5,3526.1,105.5,208.8,17584.3,15,1408.4,1473.5,8842.18,8864,105.52,105.32,12113.01,45966,1188995.8,2700,103,101.84,2.65,625829.2,4386.9,100.4,156.6,13188.23,15,1424.1,1584.3,8776.71,8799,101,101.89,13571.8,34474.5,1067772,3561,98.2,98.64,2.76,602224.7,3819,97.2,104.4,8792.15,15,1298.8,1389.6,8699.73,8735,98.12,98.45,13596.37,22983,973523.7,3157,92.8,96.49,3.05,552124.4,3896.7,96.9,52.2,4396.08,15,1294.2,1288,8555.54,8585,95.35,94.34,12063.5,11491.5,954628.6,3300.00,380.00
85.00,1.00,86.00,2.00,1.00,1450.00,370.00,406.00,280.00,702.48,5.00,3800.00,3052,124.4,108.42,2.75,921019.4,4602.1,110.3,299.4,43446.8,15,1821.6,1963.7,9114.22,9131,116.56,119.13,9459.4,47096,1391757.1,2918,120.2,107.2,2.29,832123.7,5136.1,109.6,224.55,32585.1,15,1757.7,1817.6,9063.61,9078,112.15,115.7,10304.2,35322,1181856.2,2264,116.3,104.71,2.47,784948.5,4858.1,109.1,149.7,21723.4,15,1534.6,1795.3,9000.91,9022,109.02,112,10411.45,23548,1167697.4,2859,111.4,104.33,2.5,704586.3,6622.6,107.5,74.85,10861.7,15,1836.6,1932.5,8920.04,8938,110.51,108.51,12423.86,11774,1181572.6,3152,106,103.03,3.15,685697.5,3526.1,105.5,208.8,17584.3,15,1408.4,1473.5,8842.18,8864,105.52,105.32,12113.01,45966,1188995.8,4600.00,370.00
81.00,3.00,82.00,4.00,1.00,1480.00,380.00,222.00,150.00,731.79,5.00,1700.00,6796,62.6,70.75,3.72,365186.2,4730.8,74.3,186,7874.4,14,886.4,909.2,7930.66,8004,73.57,69.26,4756.68,21855,669640.3,6713,59.1,65.61,5.65,339325.9,3878.4,70.2,93,3937.2,14,831.8,938.4,7924.48,7994,71.56,65.65,4294.06,10927.5,648845.6,6713,56.2,61.52,6.11,320957.3,3485.8,64.5,239.5,12456.6,15,797.3,809.8,1755,8003,67.81,63.25,3758.77,42587,628132.9,4986,55.5,60.78,3.94,297210.1,3663.5,61.5,179.63,9342.45,15,757.8,861.8,1755,8018,65,60.53,3538.71,31940.25,610502.7,6788,54.2,59.4,5.41,280451.7,3755.8,58.1,119.75,6228.3,15,795,818.5,1755,8001,63.69,58.55,3347.72,21293.5,589389.6,2100.00,190.00
75.00,2.00,76.00,3.00,1.00,6930.00,1780.00,485.10,70.00,718.57,5.00,590.00,2507,26.9,28.4,3.31,85347.6,1163.3,24.86,36.98,720.7,15,331.3,467.1,1751.67,4198,29.95,19.7,2000.42,9204.5,420359.6,2309,24.3,26.87,3.51,85072.2,867.4,23.92,134.3,1872.6,15,225.7,409.3,1750,4063,27.84,18.37,1549.44,35763,420700.5,2028,23.1,25.34,2.3,73530.1,754.3,22.99,100.73,1404.45,15,277.8,437,1750,3875,25.69,17.34,1232.42,26822.25,405541.8,2422,21.4,23.81,2.51,70232.2,724.1,22.05,67.15,936.3,15,284.1,346.1,1750,3739,24.05,16.21,1013.4,17881.5,428725,1785,19.9,22.28,2.06,64539.9,544.5,21.11,33.58,468.15,15,226.9,347.5,1750,4527,23.28,15.27,897.88,8940.75,519679.8,830.00,90.00
78.00,3.00,80.00,1.00,1.00,2750.00,610.00,357.50,130.00,916.66,6.00,1300.00,3213,44.5,49.8,2.48,176542.9,1563.4,35,129.1,4726.35,15,611.8,670.1,1755,9048,50.28,41.8,1766.35,20117,566492.3,2272,43.4,46.94,1.72,166267.2,1179.5,34.7,64.55,2363.18,15,641.5,652.2,1755,8315,49.92,40.26,1718.9,10058.5,540680.6,1627,41,41.25,1.74,160401.5,1217.5,34.4,285.8,6489.1,15,614,608.2,1755,7773,45.91,38.34,1537.96,39066,524764.8,1580,40.3,40.84,1.15,150266.8,1149.5,34.1,214.35,4866.83,15,573.7265313,680.29,1755,6714,43.4,36.45,1535.16,29299.5,466212.2,2628,39.3,40.21,1.52,143737.7,1284.5,33.5,142.9,3244.55,15,554.0819663,663.97,1755,5827,41.79,34.76,1527.55,19533,409677.9,1700.00,160.00
86.00,2.00,87.00,3.00,1.00,3040.00,670.00,881.60,290.00,561.79,5.00,4900.00,7045,160,141.34,4.72,1341072.8,8245,173.8,98.33,17361.2,11,2451.2,2526.4,9254.28,9306,136.56,138.8,9291,12393,1732937.5,5606,149.1,134.8,4.09,1284199.4,6622.5,147.6,432.4,73143.5,14,2220.6,2244.1,9231.76,9286,136.6,140.2,9821,48260,1734973.5,4079,143.4,131.56,3.44,1137397.7,8758.2,132.6,324.3,54857.63,14,2014.5,2143.3,9216.19,9244,129.24,134.46,10078.4,36195,1654038.4,3629,137.4,125.83,3.45,1059966.2,6232.8,117.4,216.2,36571.75,14,1994.6,2025,9185.48,9208,123.37,127.33,9501.3,24130,1660444,3882,130.5,117.05,2.45,961139.2,4586.1,112.8,108.1,18285.88,14,1763.9,1837.4,9153.66,9168,120.24,121.94,9576.9,12065,1673301.4,6800.00,440.00
80.00,2.00,81.00,2.00,1.00,3420.00,880.00,547.20,160.00,890.64,4.00,2000.00,5728,52.4,57.65,5.4,262789,2931.4,54.2,59.88,3114.15,15,746.8,815.5,1755,8013,62.78,56.45,3387.72,10646.75,606524.2,7196,51.3,56.13,5.97,249110.7,2562.3,52.8,217,10445.6,15,733.8,815.5,1755,8002,60.74,54.26,2978.26,41407,601988.1,5275,50.9,57.62,4.3,225500.9,2684.3,50.3,162.75,7834.2,15,742.7,812.7,1755,8102,58.66,51.86,2850.2,31055.25,588020.5,4691,49.1,59.29,3.53,212073.3,2103.5,47.5,108.5,5222.8,15,769.6,717.9,1755,8231,56.99,48.4,2556.96,20703.5,605688.7,4072,47.8,57.88,3.39,198459.6,2034.8,45,54.25,2611.4,15,645.9,744.5,1755,8418,56.37,46.45,2424.37,10351.75,626960.3,2400.00,180.00
86.00,1.00,88.00,3.00,2.00,2600.00,560.00,598.00,230.00,415.24,10.00,2100.00,5606,149.1,134.8,4.09,1284199.4,6622.5,147.6,432.4,73143.5,14,2220.6,2244.1,9231.76,9286,136.6,140.2,9821,48260,1734973.5,4079,143.4,131.56,3.44,1137397.7,8758.2,132.6,324.3,54857.63,14,2014.5,2143.3,9216.19,9244,129.24,134.46,10078.4,36195,1654038.4,3629,137.4,125.83,3.45,1059966.2,6232.8,117.4,216.2,36571.75,14,1994.6,2025,9185.48,9208,123.37,127.33,9501.3,24130,1660444,3882,130.5,117.05,2.45,961139.2,4586.1,112.8,108.1,18285.88,14,1763.9,1837.4,9153.66,9168,120.24,121.94,9576.9,12065,1673301.4,3052,124.4,108.42,2.75,921019.4,4602.1,110.3,299.4,43446.8,15,1821.6,1963.7,9114.22,9131,116.56,119.13,9459.4,47096,1391757.1,3300.00,400.00
74.00,2.00,76.00,1.00,2.00,3600.00,980.00,612.00,170.00,2648.04,7.00,250.00,1785,19.9,22.28,2.06,64539.9,544.5,21.11,33.58,468.15,15,226.9,347.5,1750,4527,23.28,15.27,897.88,8940.75,519679.8,1892,17.4,20.75,2.46,61843.9,504.5,20.17,107.3,989.3,15,210.1,345.3,1750,2818,19.49,14.2,694.38,34738,410490.1,1562,16.8,19.22,1.51,55940,494.6,19.23,80.48,741.98,15,222.7,288.6,1750,2687,17.23,13.37,562.83,26053.5,279532.2,2197,15.5,17.69,1.67,52148.6,417.7,18.3,53.65,494.65,15,202.8,260.4,1750,2455,15.85,12.54,450.34,17369,268843.7,1818,14.3,16.16,1.34,47344.8,356,17.36,26.83,247.33,15,184.7,211.9,1750,2602,14.98,12.01,408.84,8684.5,262159.4,420.00,145.00
86.00,2.00,87.00,4.00,2.00,900.00,300.00,351.00,390.00,755.51,6.00,2600.00,7045,160,141.34,4.72,1341072.8,8245,173.8,98.33,17361.2,11,2451.2,2526.4,9254.28,9306,136.56,138.8,9291,12393,1732937.5,5606,149.1,134.8,4.09,1284199.4,6622.5,147.6,432.4,73143.5,14,2220.6,2244.1,9231.76,9286,136.6,140.2,9821,48260,1734973.5,4079,143.4,131.56,3.44,1137397.7,8758.2,132.6,324.3,54857.63,14,2014.5,2143.3,9216.19,9244,129.24,134.46,10078.4,36195,1654038.4,3629,137.4,125.83,3.45,1059966.2,6232.8,117.4,216.2,36571.75,14,1994.6,2025,9185.48,9208,123.37,127.33,9501.3,24130,1660444,3882,130.5,117.05,2.45,961139.2,4586.1,112.8,108.1,18285.88,14,1763.9,1837.4,9153.66,9168,120.24,121.94,9576.9,12065,1673301.4,3800.00,600.00
85.00,1.00,86.00,4.00,2.00,820.00,250.00,303.40,370.00,928.27,7.00,2400.00,3052,124.4,108.42,2.75,921019.4,4602.1,110.3,299.4,43446.8,15,1821.6,1963.7,9114.22,9131,116.56,119.13,9459.4,47096,1391757.1,2918,120.2,107.2,2.29,832123.7,5136.1,109.6,224.55,32585.1,15,1757.7,1817.6,9063.61,9078,112.15,115.7,10304.2,35322,1181856.2,2264,116.3,104.71,2.47,784948.5,4858.1,109.1,149.7,21723.4,15,1534.6,1795.3,9000.91,9022,109.02,112,10411.45,23548,1167697.4,2859,111.4,104.33,2.5,704586.3,6622.6,107.5,74.85,10861.7,15,1836.6,1932.5,8920.04,8938,110.51,108.51,12423.86,11774,1181572.6,3152,106,103.03,3.15,685697.5,3526.1,105.5,208.8,17584.3,15,1408.4,1473.5,8842.18,8864,105.52,105.32,12113.01,45966,1188995.8,3300.00,580.00
72.00,4.00,73.00,3.00,2.00,680.00,260.00,20.40,30.00,639.50,3.00,170.00,2641.34,13.1,13.09,1.11,43837.4,339.6,15.48,51.08,463.2,12,170.3,217.2,1657.66,1759,12.61,11.03,354.55,25307.25,155181.7,2611.13,12.7,11.56,1.5,41015.52,373.9,14.54,34.05,308.8,12,192.6,232.9,1591.75,1601,11.91,10.41,363.13,16871.5,146872.1,2580.93,12.1,10.03,1.24,38193.64,287.2,13.6,17.03,154.4,12,183.6,211.1,1612.95,1649,11.62,10.06,392.96,8435.75,141542.6,2952,11.6,8.5,1.99,35859.4,322.5,12.67,56.6,610.4,12,165.1,208.6,1504.36,1582,10.86,9.79,435.1,32776,129102.4,2649,11.4,6.97,2.25,32793.7,388.9,11.73,42.45,457.8,12,167.9,209.6,1450.47,1507,10.17,9.35,508.64,24582,123618,200.00,40.00
87.00,3.00,88.00,4.00,2.00,1160.00,300.00,429.20,370.00,474.91,5.00,2400.00,4242,245.1,225,6.54,1670609.2,18690.9,300.5,167.05,32942.75,11,3355.8,3686.3,9403.58,9489.1,179.96,189.5,11763,25464,2303248.1,6458,224.7,198.55,6.73,1622664,15001.6,306.7,83.53,16471.38,11,2871.3,3662.6,9132.66,9260,171.13,178.3,11568,12732,2435004.3,6790,203.8,162.84,6.46,1640293,10855.3,229.3,393.3,69444.8,11,2738.8,3148,9248.4,9380,158.63,169.5,10082,49572,2318397,6370,190.3,154.36,5.33,1523166.6,12930,210.7,294.98,52083.6,11,2595.2,3000,9329.64,9396,148.76,159,9700,37179,1908975.7,5909,177.6,147.44,6.88,1451175.9,8146.1,188.9,196.65,34722.4,11,2284.4,2627.5,9297.06,9347,140.9,146.2,10149,24786,1681849.3,2600.00,480.00
82.00,1.00,83.00,4.00,2.00,1160.00,260.00,185.60,160.00,697.66,7.00,990.00,3255,69.4,76.29,2.84,417524,5146.3,81.7,372,15748.8,14,1005,1270.5,8002.21,8058,79.65,76.92,5062.76,43710,788018.3,3713,66.2,73.13,3.06,382101.5,5131.4,76.9,279,11811.6,14,907.1,1004.6,7976.88,8020,75.42,73.66,5096.97,32782.5,692600,6796,62.6,70.75,3.72,365186.2,4730.8,74.3,186,7874.4,14,886.4,909.2,7930.66,8004,73.57,69.26,4756.68,21855,669640.3,6713,59.1,65.61,5.65,339325.9,3878.4,70.2,93,3937.2,14,831.8,938.4,7924.48,7994,71.56,65.65,4294.06,10927.5,648845.6,6713,56.2,61.52,6.11,320957.3,3485.8,64.5,239.5,12456.6,15,797.3,809.8,1755,8003,67.81,63.25,3758.77,42587,628132.9,1300.00,230.00
81.00,3.00,83.00,1.00,2.00,2820.00,620.00,310.20,110.00,536.64,6.00,1300.00,6796,62.6,70.75,3.72,365186.2,4730.8,74.3,186,7874.4,14,886.4,909.2,7930.66,8004,73.57,69.26,4756.68,21855,669640.3,6713,59.1,65.61,5.65,339325.9,3878.4,70.2,93,3937.2,14,831.8,938.4,7924.48,7994,71.56,65.65,4294.06,10927.5,648845.6,6713,56.2,61.52,6.11,320957.3,3485.8,64.5,239.5,12456.6,15,797.3,809.8,1755,8003,67.81,63.25,3758.77,42587,628132.9,4986,55.5,60.78,3.94,297210.1,3663.5,61.5,179.63,9342.45,15,757.8,861.8,1755,8018,65,60.53,3538.71,31940.25,610502.7,6788,54.2,59.4,5.41,280451.7,3755.8,58.1,119.75,6228.3,15,795,818.5,1755,8001,63.69,58.55,3347.72,21293.5,589389.6,1700.00,170.00
81.00,4.00,83.00,2.00,2.00,760.00,200.00,106.40,140.00,616.47,6.00,940.00,3713,66.2,73.13,3.06,382101.5,5131.4,76.9,279,11811.6,14,907.1,1004.6,7976.88,8020,75.42,73.66,5096.97,32782.5,692600,6796,62.6,70.75,3.72,365186.2,4730.8,74.3,186,7874.4,14,886.4,909.2,7930.66,8004,73.57,69.26,4756.68,21855,669640.3,6713,59.1,65.61,5.65,339325.9,3878.4,70.2,93,3937.2,14,831.8,938.4,7924.48,7994,71.56,65.65,4294.06,10927.5,648845.6,6713,56.2,61.52,6.11,320957.3,3485.8,64.5,239.5,12456.6,15,797.3,809.8,1755,8003,67.81,63.25,3758.77,42587,628132.9,4986,55.5,60.78,3.94,297210.1,3663.5,61.5,179.63,9342.45,15,757.8,861.8,1755,8018,65,60.53,3538.71,31940.25,610502.7,1200.00,190.00
85.00,1.00,85.00,4.00,2.00,2250.00,690.00,765.00,340.00,853.01,3.00,2200.00,3052,124.4,108.42,2.75,921019.4,4602.1,110.3,299.4,43446.8,15,1821.6,1963.7,9114.22,9131,116.56,119.13,9459.4,47096,1391757.1,2918,120.2,107.2,2.29,832123.7,5136.1,109.6,224.55,32585.1,15,1757.7,1817.6,9063.61,9078,112.15,115.7,10304.2,35322,1181856.2,2264,116.3,104.71,2.47,784948.5,4858.1,109.1,149.7,21723.4,15,1534.6,1795.3,9000.91,9022,109.02,112,10411.45,23548,1167697.4,2859,111.4,104.33,2.5,704586.3,6622.6,107.5,74.85,10861.7,15,1836.6,1932.5,8920.04,8938,110.51,108.51,12423.86,11774,1181572.6,3152,106,103.03,3.15,685697.5,3526.1,105.5,208.8,17584.3,15,1408.4,1473.5,8842.18,8864,105.52,105.32,12113.01,45966,1188995.8,2500.00,430.00
83.00,1.00,85.00,2.00,2.00,5540.00,850.00,1551.20,280.00,957.42,9.00,1200.00,3678,86.2,83.21,3.25,526596.4,2790.6,94.1,334.8,14488.6,15,1143.8,1316.3,8364.78,8393,90.95,89.79,11379.37,44835,929027.1,2734,81.9,81.05,2.44,486347.8,3157.3,90.4,251.1,10866.45,15,1082.5,1176.5,8343.6,8382,87.27,85.56,10555.47,33626.25,865878.9,2247,76.9,79.93,2.04,463829,4107.4,88.2,167.4,7244.3,15,1032.5,1203.3,8271.46,8325,85.37,82.89,8993,22417.5,833494.6,2217,72.9,78.63,1.81,427087.7,4521.3,85.9,83.7,3622.15,15,1014.9,1104.7,8148.33,8186,83.55,80.05,6703.06,11208.75,817526.9,3255,69.4,76.29,2.84,417524,5146.3,81.7,372,15748.8,14,1005,1270.5,8002.21,8058,79.65,76.92,5062.76,43710,788018.3,1600.00,440.00
77.00,3.00,78.00,4.00,2.00,1540.00,400.00,154.00,100.00,771.33,5.00,700.00,2628,39.3,40.21,1.52,143737.7,1284.5,33.5,142.9,3244.55,15,554.0819663,663.97,1755,5827,41.79,34.76,1527.55,19533,409677.9,2374,38,39.43,0.92,134548.4,1191.1,33.7,71.45,1622.28,15,574.6,680.5,1755,5565,41.03,33.37,1601.79,9766.5,403875,2693,36.2,37.64,1.55,134312.5,1529,31.43,175.7,3994.7,15,589.5,765.8,1755,4930,38.7,32.04,1653.06,37933,377828.6,2790,35.7,37.42,1.28,124042.2,1083.9,30.49,131.78,2996.03,15,544,652.8,1755,4718,36.4,30.32,1625.98,28449.75,377633.3,4638,34.6,37.16,2.28,120470.6,1861.2,29.55,87.85,1997.35,15,481.1,667.8,1755,4730,35.67,28.87,1645.98,18966.5,390388.5,860.00,110.00
74.00,1.00,75.00,4.00,2.00,4230.00,820.00,169.20,40.00,780.14,7.00,200.00,1892,17.4,20.75,2.46,61843.9,504.5,20.17,107.3,989.3,15,210.1,345.3,1750,2818,19.49,14.2,694.38,34738,410490.1,1562,16.8,19.22,1.51,55940,494.6,19.23,80.48,741.98,15,222.7,288.6,1750,2687,17.23,13.37,562.83,26053.5,279532.2,2197,15.5,17.69,1.67,52148.6,417.7,18.3,53.65,494.65,15,202.8,260.4,1750,2455,15.85,12.54,450.34,17369,268843.7,1818,14.3,16.16,1.34,47344.8,356,17.36,26.83,247.33,15,184.7,211.9,1750,2602,14.98,12.01,408.84,8684.5,262159.4,2671.55,13.6,14.63,1.39,48135,427.3,16.42,68.1,617.6,12,207.6,255.4,1750,2224,13.77,11.66,403.5,33743,217000.1,340.00,160.00
81.00,2.00,81.00,4.00,2.00,1540.00,590.00,215.60,140.00,698.95,2.00,820.00,6713,59.1,65.61,5.65,339325.9,3878.4,70.2,93,3937.2,14,831.8,938.4,7924.48,7994,71.56,65.65,4294.06,10927.5,648845.6,6713,56.2,61.52,6.11,320957.3,3485.8,64.5,239.5,12456.6,15,797.3,809.8,1755,8003,67.81,63.25,3758.77,42587,628132.9,4986,55.5,60.78,3.94,297210.1,3663.5,61.5,179.63,9342.45,15,757.8,861.8,1755,8018,65,60.53,3538.71,31940.25,610502.7,6788,54.2,59.4,5.41,280451.7,3755.8,58.1,119.75,6228.3,15,795,818.5,1755,8001,63.69,58.55,3347.72,21293.5,589389.6,5728,52.4,57.65,5.4,262789,2931.4,54.2,59.88,3114.15,15,746.8,815.5,1755,8013,62.78,56.45,3387.72,10646.75,606524.2,910.00,160.00
73.00,4.00,74.00,4.00,2.00,4330.00,1110.00,86.60,20.00,421.26,4.00,170.00,1562,16.8,19.22,1.51,55940,494.6,19.23,80.48,741.98,15,222.7,288.6,1750,2687,17.23,13.37,562.83,26053.5,279532.2,2197,15.5,17.69,1.67,52148.6,417.7,18.3,53.65,494.65,15,202.8,260.4,1750,2455,15.85,12.54,450.34,17369,268843.7,1818,14.3,16.16,1.34,47344.8,356,17.36,26.83,247.33,15,184.7,211.9,1750,2602,14.98,12.01,408.84,8684.5,262159.4,2671.55,13.6,14.63,1.39,48135,427.3,16.42,68.1,617.6,12,207.6,255.4,1750,2224,13.77,11.66,403.5,33743,217000.1,2641.34,13.1,13.09,1.11,43837.4,339.6,15.48,51.08,463.2,12,170.3,217.2,1657.66,1759,12.61,11.03,354.55,25307.25,155181.7,220.00,30.00
85.00,4.00,87.00,2.00,2.00,2710.00,600.00,867.20,320.00,637.72,6.00,2300.00,4079,143.4,131.56,3.44,1137397.7,8758.2,132.6,324.3,54857.63,14,2014.5,2143.3,9216.19,9244,129.24,134.46,10078.4,36195,1654038.4,3629,137.4,125.83,3.45,1059966.2,6232.8,117.4,216.2,36571.75,14,1994.6,2025,9185.48,9208,123.37,127.33,9501.3,24130,1660444,3882,130.5,117.05,2.45,961139.2,4586.1,112.8,108.1,18285.88,14,1763.9,1837.4,9153.66,9168,120.24,121.94,9576.9,12065,1673301.4,3052,124.4,108.42,2.75,921019.4,4602.1,110.3,299.4,43446.8,15,1821.6,1963.7,9114.22,9131,116.56,119.13,9459.4,47096,1391757.1,2918,120.2,107.2,2.29,832123.7,5136.1,109.6,224.55,32585.1,15,1757.7,1817.6,9063.61,9078,112.15,115.7,10304.2,35322,1181856.2,3100.00,490.00
84.00,2.00,85.00,3.00,2.00,1350.00,350.00,270.00,200.00,576.74,5.00,1700.00,2859,111.4,104.33,2.5,704586.3,6622.6,107.5,74.85,10861.7,15,1836.6,1932.5,8920.04,8938,110.51,108.51,12423.86,11774,1181572.6,3152,106,103.03,3.15,685697.5,3526.1,105.5,208.8,17584.3,15,1408.4,1473.5,8842.18,8864,105.52,105.32,12113.01,45966,1188995.8,2700,103,101.84,2.65,625829.2,4386.9,100.4,156.6,13188.23,15,1424.1,1584.3,8776.71,8799,101,101.89,13571.8,34474.5,1067772,3561,98.2,98.64,2.76,602224.7,3819,97.2,104.4,8792.15,15,1298.8,1389.6,8699.73,8735,98.12,98.45,13596.37,22983,973523.7,3157,92.8,96.49,3.05,552124.4,3896.7,96.9,52.2,4396.08,15,1294.2,1288,8555.54,8585,95.35,94.34,12063.5,11491.5,954628.6,2000.00,270.00
80.00,3.00,81.00,4.00,2.00,1260.00,330.00,189.00,150.00,875.96,5.00,790.00,6788,54.2,59.4,5.41,280451.7,3755.8,58.1,119.75,6228.3,15,795,818.5,1755,8001,63.69,58.55,3347.72,21293.5,589389.6,5728,52.4,57.65,5.4,262789,2931.4,54.2,59.88,3114.15,15,746.8,815.5,1755,8013,62.78,56.45,3387.72,10646.75,606524.2,7196,51.3,56.13,5.97,249110.7,2562.3,52.8,217,10445.6,15,733.8,815.5,1755,8002,60.74,54.26,2978.26,41407,601988.1,5275,50.9,57.62,4.3,225500.9,2684.3,50.3,162.75,7834.2,15,742.7,812.7,1755,8102,58.66,51.86,2850.2,31055.25,588020.5,4691,49.1,59.29,3.53,212073.3,2103.5,47.5,108.5,5222.8,15,769.6,717.9,1755,8231,56.99,48.4,2556.96,20703.5,605688.7,1000.00,210.00
77.00,2.00,78.00,3.00,2.00,1710.00,440.00,171.00,100.00,798.68,5.00,630.00,2374,38,39.43,0.92,134548.4,1191.1,33.7,71.45,1622.28,15,574.6,680.5,1755,5565,41.03,33.37,1601.79,9766.5,403875,2693,36.2,37.64,1.55,134312.5,1529,31.43,175.7,3994.7,15,589.5,765.8,1755,4930,38.7,32.04,1653.06,37933,377828.6,2790,35.7,37.42,1.28,124042.2,1083.9,30.49,131.78,2996.03,15,544,652.8,1755,4718,36.4,30.32,1625.98,28449.75,377633.3,4638,34.6,37.16,2.28,120470.6,1861.2,29.55,87.85,1997.35,15,481.1,667.8,1755,4730,35.67,28.87,1645.98,18966.5,390388.5,3840,33.4,36.56,2.32,115107.4,2211.5,28.61,43.93,998.68,15,229.2,582.9,1755,4758,34.98,27.13,1859.5,9483.25,408321.5,780.00,120.00
84.00,2.00,85.00,4.00,2.00,730.00,190.00,226.30,310.00,893.95,6.00,1800.00,2859,111.4,104.33,2.5,704586.3,6622.6,107.5,74.85,10861.7,15,1836.6,1932.5,8920.04,8938,110.51,108.51,12423.86,11774,1181572.6,3152,106,103.03,3.15,685697.5,3526.1,105.5,208.8,17584.3,15,1408.4,1473.5,8842.18,8864,105.52,105.32,12113.01,45966,1188995.8,2700,103,101.84,2.65,625829.2,4386.9,100.4,156.6,13188.23,15,1424.1,1584.3,8776.71,8799,101,101.89,13571.8,34474.5,1067772,3561,98.2,98.64,2.76,602224.7,3819,97.2,104.4,8792.15,15,1298.8,1389.6,8699.73,8735,98.12,98.45,13596.37,22983,973523.7,3157,92.8,96.49,3.05,552124.4,3896.7,96.9,52.2,4396.08,15,1294.2,1288,8555.54,8585,95.35,94.34,12063.5,11491.5,954628.6,2200.00,450.00
